bytes,content-type,elapsed,endpoint,resource,status,entry-date,start-date,end-date
289,text/plain; charset=utf-8,0.085,4c595177581368845bbeff92b3ae57b903e80c05bd5b6d69fec92ceee79ce963,61b14fb2024514e9f263e9ef22abadc6423bf73a170880f22fd2308e9f79098d,200,2021-03-24T15:50:23.733587,,
289,text/plain; charset=utf-8,0.19,4c595177581368845bbeff92b3ae57b903e80c05bd5b6d69fec92ceee79ce963,61b14fb2024514e9f263e9ef22abadc6423bf73a170880f22fd2308e9f79098d,200,2021-03-25T00:54:17.061326,,
289,text/plain; charset=utf-8,0.187,4c595177581368845bbeff92b3ae57b903e80c05bd5b6d69fec92ceee79ce963,61b14fb2024514e9f263e9ef22abadc6423bf73a170880f22fd2308e9f79098d,200,2021-03-26T00:11:48.280396,,
289,text/plain; charset=utf-8,0.203,4c595177581368845bbeff92b3ae57b903e80c05bd5b6d69fec92ceee79ce963,61b14fb2024514e9f263e9ef22abadc6423bf73a170880f22fd2308e9f79098d,200,2021-03-27T00:10:15.735953,,
289,text/plain; charset=utf-8,0.125,4c595177581368845bbeff92b3ae57b903e80c05bd5b6d69fec92ceee79ce963,61b14fb2024514e9f263e9ef22abadc6423bf73a170880f22fd2308e9f79098d,200,2021-03-28T00:09:51.203086,,
325,text/plain; charset=utf-8,0.098,4c595177581368845bbeff92b3ae57b903e80c05bd5b6d69fec92ceee79ce963,d4cd3017668c5548df11cecd4345cee90e81cf3b6e98ebab0cab61dac82e748d,200,2021-03-29T16:23:39.199856,,
325,text/plain; charset=utf-8,0.1,4c595177581368845bbeff92b3ae57b903e80c05bd5b6d69fec92ceee79ce963,d4cd3017668c5548df11cecd4345cee90e81cf3b6e98ebab0cab61dac82e748d,200,2021-03-30T00:09:40.811746,,
325,text/plain; charset=utf-8,0.122,4c595177581368845bbeff92b3ae57b903e80c05bd5b6d69fec92ceee79ce963,d4cd3017668c5548df11cecd4345cee90e81cf3b6e98ebab0cab61dac82e748d,200,2021-03-31T00:08:52.697251,,
325,text/plain; charset=utf-8,0.189,4c595177581368845bbeff92b3ae57b903e80c05bd5b6d69fec92ceee79ce963,d4cd3017668c5548df11cecd4345cee90e81cf3b6e98ebab0cab61dac82e748d,200,2021-04-01T00:10:39.392794,,
325,text/plain; charset=utf-8,0.112,4c595177581368845bbeff92b3ae57b903e80c05bd5b6d69fec92ceee79ce963,d4cd3017668c5548df11cecd4345cee90e81cf3b6e98ebab0cab61dac82e748d,200,2021-04-02T00:16:36.815399,,
325,text/plain; charset=utf-8,0.112,4c595177581368845bbeff92b3ae57b903e80c05bd5b6d69fec92ceee79ce963,d4cd3017668c5548df11cecd4345cee90e81cf3b6e98ebab0cab61dac82e748d,200,2021-04-03T00:10:15.359696,,
325,text/plain; charset=utf-8,0.103,4c595177581368845bbeff92b3ae57b903e80c05bd5b6d69fec92ceee79ce963,d4cd3017668c5548df11cecd4345cee90e81cf3b6e98ebab0cab61dac82e748d,200,2021-04-04T00:14:57.690168,,
325,text/plain; charset=utf-8,0.109,4c595177581368845bbeff92b3ae57b903e80c05bd5b6d69fec92ceee79ce963,d4cd3017668c5548df11cecd4345cee90e81cf3b6e98ebab0cab61dac82e748d,200,2021-04-05T00:11:09.958347,,
